{"cameraMode":{"drawMode":0,"name":"Shaded","section":"Shading Mode"},"sceneLighting":true,"audioPlay":false,"sceneViewState":{"showFog":true,"showMaterialUpdate":false,"showSkybox":true,"showFlares":true,"showImageEffects":true,"showParticleSystems":true},"in2DMode":false,"pivot":{"x":282.4454650878906,"y":23.205026626586915,"z":356.19732666015627},"rotation":{"x":0.3998708724975586,"y":0.5585179924964905,"z":-0.3509558141231537,"w":0.6364061832427979},"size":4.041658401489258,"orthographic":false}