{"cameraMode":{"drawMode":0,"name":"Shaded","section":"Shading Mode"},"sceneLighting":true,"audioPlay":false,"sceneViewState":{"showFog":true,"showMaterialUpdate":false,"showSkybox":true,"showFlares":true,"showImageEffects":true,"showParticleSystems":true},"in2DMode":false,"pivot":{"x":870.1744384765625,"y":18.664897918701173,"z":796.51318359375},"rotation":{"x":-0.018871938809752466,"y":0.979780375957489,"z":-0.16465723514556886,"w":-0.11219968646764755},"size":5.672125816345215,"orthographic":false}