{"cameraMode":{"drawMode":0,"name":"Shaded","section":"Shading Mode"},"sceneLighting":true,"audioPlay":false,"sceneViewState":{"showFog":true,"showMaterialUpdate":false,"showSkybox":true,"showFlares":true,"showImageEffects":true,"showParticleSystems":true},"in2DMode":false,"pivot":{"x":284.7800598144531,"y":24.912260055541993,"z":358.1415710449219},"rotation":{"x":0.24666066467761994,"y":-0.7200947403907776,"z":0.3125469982624054,"w":0.5682900547981262},"size":4.041658401489258,"orthographic":false}